<?xml version="1.0" encoding="UTF-8"?>
<checkstyle version="5.0">
 <file name="C:\Users\X215837\OneDrive - GROUP DIGITAL WORKPLACE\Documents\Projects\DPC\audit\src\main\scala\com\socgen\bsc\dpc\audit\json\SourceDistrict.scala">
  <error column="21" line="4" source="org.scalastyle.file.FileTabChecker" severity="warning" message="Line contains a tab"/>
  <error source="org.scalastyle.file.NewLineAtEofChecker" severity="warning" message="File must end with newline character"/>
 </file>
 <file name="C:\Users\X215837\OneDrive - GROUP DIGITAL WORKPLACE\Documents\Projects\DPC\audit\src\main\scala\com\socgen\bsc\dpc\audit\Main.scala">
  <error column="0" line="95" source="org.scalastyle.file.WhitespaceEndOfLineChecker" severity="warning" message="Whitespace at end of line"/>
  <error column="0" line="114" source="org.scalastyle.file.WhitespaceEndOfLineChecker" severity="warning" message="Whitespace at end of line"/>
  <error column="10" line="100" source="org.scalastyle.scalariform.RedundantIfChecker" severity="warning" message="Eliminate redundant if expressions where both branches return constant booleans"/>
  <error column="11" line="97" source="org.scalastyle.scalariform.LowercasePatternMatchChecker" severity="warning" message="Lowercase pattern match (surround with ``, or add : Any)"/>
  <error column="10" line="100" source="org.scalastyle.scalariform.EnsureSingleSpaceAfterTokenChecker" severity="warning" message="No space after token if"/>
 </file>
 <file name="C:\Users\X215837\OneDrive - GROUP DIGITAL WORKPLACE\Documents\Projects\DPC\audit\src\main\scala\com\socgen\bsc\dpc\audit\parselogs\getQueries.scala">
  <error column="6" line="19" source="org.scalastyle.scalariform.PublicMethodsHaveTypeChecker" severity="warning" message="Public method must have explicit type"/>
  <error source="org.scalastyle.file.NewLineAtEofChecker" severity="warning" message="File must end with newline character"/>
 </file>
 <file name="C:\Users\X215837\OneDrive - GROUP DIGITAL WORKPLACE\Documents\Projects\DPC\audit\src\main\scala\com\socgen\bsc\dpc\audit\parselogs\GetLogs.scala">
  <error column="37" line="25" source="org.scalastyle.scalariform.SpacesAfterPlusChecker" severity="warning" message="There should be a space after the plus (+) sign"/>
  <error column="44" line="17" source="org.scalastyle.file.WhitespaceEndOfLineChecker" severity="warning" message="Whitespace at end of line"/>
  <error column="0" line="21" source="org.scalastyle.file.WhitespaceEndOfLineChecker" severity="warning" message="Whitespace at end of line"/>
  <error column="28" line="46" source="org.scalastyle.file.WhitespaceEndOfLineChecker" severity="warning" message="Whitespace at end of line"/>
  <error column="30" line="47" source="org.scalastyle.file.WhitespaceEndOfLineChecker" severity="warning" message="Whitespace at end of line"/>
  <error column="23" line="48" source="org.scalastyle.file.WhitespaceEndOfLineChecker" severity="warning" message="Whitespace at end of line"/>
  <error column="14" line="49" source="org.scalastyle.file.WhitespaceEndOfLineChecker" severity="warning" message="Whitespace at end of line"/>
  <error column="102" line="51" source="org.scalastyle.file.WhitespaceEndOfLineChecker" severity="warning" message="Whitespace at end of line"/>
  <error column="10" line="55" source="org.scalastyle.file.WhitespaceEndOfLineChecker" severity="warning" message="Whitespace at end of line"/>
  <error column="29" line="57" source="org.scalastyle.file.WhitespaceEndOfLineChecker" severity="warning" message="Whitespace at end of line"/>
  <error column="31" line="58" source="org.scalastyle.file.WhitespaceEndOfLineChecker" severity="warning" message="Whitespace at end of line"/>
  <error column="24" line="59" source="org.scalastyle.file.WhitespaceEndOfLineChecker" severity="warning" message="Whitespace at end of line"/>
  <error column="15" line="60" source="org.scalastyle.file.WhitespaceEndOfLineChecker" severity="warning" message="Whitespace at end of line"/>
  <error column="33" line="25" source="org.scalastyle.scalariform.SpacesBeforePlusChecker" severity="warning" message="There should be a space before the plus (+) sign"/>
  <error column="37" line="25" source="org.scalastyle.scalariform.SpacesBeforePlusChecker" severity="warning" message="There should be a space before the plus (+) sign"/>
  <error column="6" line="17" source="org.scalastyle.scalariform.PublicMethodsHaveTypeChecker" severity="warning" message="Public method must have explicit type"/>
  <error source="org.scalastyle.file.NewLineAtEofChecker" severity="warning" message="File must end with newline character"/>
 </file>
 <file name="C:\Users\X215837\OneDrive - GROUP DIGITAL WORKPLACE\Documents\Projects\DPC\audit\src\main\scala\com\socgen\bsc\dpc\audit\json\CleanLogs.scala">
  <error column="17" line="9" source="org.scalastyle.file.FileTabChecker" severity="warning" message="Line contains a tab"/>
  <error source="org.scalastyle.file.NewLineAtEofChecker" severity="warning" message="File must end with newline character"/>
 </file>
 <file name="C:\Users\X215837\OneDrive - GROUP DIGITAL WORKPLACE\Documents\Projects\DPC\audit\src\main\scala\com\socgen\bsc\dpc\audit\dataquality\Main.scala">
  <error column="0" line="30" source="org.scalastyle.file.WhitespaceEndOfLineChecker" severity="warning" message="Whitespace at end of line"/>
  <error column="9" line="69" source="org.scalastyle.file.WhitespaceEndOfLineChecker" severity="warning" message="Whitespace at end of line"/>
  <error column="0" line="114" source="org.scalastyle.file.WhitespaceEndOfLineChecker" severity="warning" message="Whitespace at end of line"/>
  <error column="0" line="118" source="org.scalastyle.file.WhitespaceEndOfLineChecker" severity="warning" message="Whitespace at end of line"/>
  <error column="26" line="121" source="org.scalastyle.file.WhitespaceEndOfLineChecker" severity="warning" message="Whitespace at end of line"/>
  <error column="25" line="134" source="org.scalastyle.file.WhitespaceEndOfLineChecker" severity="warning" message="Whitespace at end of line"/>
  <error column="25" line="135" source="org.scalastyle.file.WhitespaceEndOfLineChecker" severity="warning" message="Whitespace at end of line"/>
  <error column="0" line="143" source="org.scalastyle.file.WhitespaceEndOfLineChecker" severity="warning" message="Whitespace at end of line"/>
  <error column="0" line="145" source="org.scalastyle.file.WhitespaceEndOfLineChecker" severity="warning" message="Whitespace at end of line"/>
  <error column="0" line="147" source="org.scalastyle.file.WhitespaceEndOfLineChecker" severity="warning" message="Whitespace at end of line"/>
  <error column="16" line="149" source="org.scalastyle.file.WhitespaceEndOfLineChecker" severity="warning" message="Whitespace at end of line"/>
  <error column="13" line="150" source="org.scalastyle.file.WhitespaceEndOfLineChecker" severity="warning" message="Whitespace at end of line"/>
  <error column="25" line="151" source="org.scalastyle.file.WhitespaceEndOfLineChecker" severity="warning" message="Whitespace at end of line"/>
  <error column="0" line="165" source="org.scalastyle.file.WhitespaceEndOfLineChecker" severity="warning" message="Whitespace at end of line"/>
  <error column="6" line="38" source="org.scalastyle.scalariform.PublicMethodsHaveTypeChecker" severity="warning" message="Public method must have explicit type"/>
  <error source="org.scalastyle.file.NewLineAtEofChecker" severity="warning" message="File must end with newline character"/>
  <error column="71" line="29" source="org.scalastyle.scalariform.EnsureSingleSpaceAfterTokenChecker" severity="warning" message="No space after token :"/>
  <error column="4" line="39" source="org.scalastyle.scalariform.EnsureSingleSpaceAfterTokenChecker" severity="warning" message="No space after token if"/>
  <error column="6" line="88" source="org.scalastyle.scalariform.EnsureSingleSpaceAfterTokenChecker" severity="warning" message="No space after token if"/>
  <error column="11" line="89" source="org.scalastyle.scalariform.EnsureSingleSpaceAfterTokenChecker" severity="warning" message="No space after token if"/>
  <error column="83" line="158" source="org.scalastyle.scalariform.DisallowSpaceBeforeTokenChecker" severity="warning" message="Space before token :"/>
 </file>
 <file name="C:\Users\X215837\OneDrive - GROUP DIGITAL WORKPLACE\Documents\Projects\DPC\audit\src\main\scala\com\socgen\bsc\dpc\audit\dataquality\DataQualityConfigParser.scala">
  <error column="8" line="13" source="org.scalastyle.scalariform.PublicMethodsHaveTypeChecker" severity="warning" message="Public method must have explicit type"/>
  <error column="8" line="14" source="org.scalastyle.scalariform.PublicMethodsHaveTypeChecker" severity="warning" message="Public method must have explicit type"/>
  <error column="8" line="21" source="org.scalastyle.scalariform.PublicMethodsHaveTypeChecker" severity="warning" message="Public method must have explicit type"/>
  <error column="8" line="22" source="org.scalastyle.scalariform.PublicMethodsHaveTypeChecker" severity="warning" message="Public method must have explicit type"/>
  <error source="org.scalastyle.file.NewLineAtEofChecker" severity="warning" message="File must end with newline character"/>
 </file>
 <file name="C:\Users\X215837\OneDrive - GROUP DIGITAL WORKPLACE\Documents\Projects\DPC\audit\src\main\scala\com\socgen\bsc\dpc\audit\specific\StoreFile.scala">
  <error column="0" line="10" source="org.scalastyle.file.WhitespaceEndOfLineChecker" severity="warning" message="Whitespace at end of line"/>
  <error source="org.scalastyle.file.NewLineAtEofChecker" severity="warning" message="File must end with newline character"/>
  <error column="84" line="9" source="org.scalastyle.scalariform.EnsureSingleSpaceAfterTokenChecker" severity="warning" message="No space after token :"/>
 </file>
 <file name="C:\Users\X215837\OneDrive - GROUP DIGITAL WORKPLACE\Documents\Projects\DPC\audit\src\main\scala\com\socgen\bsc\dpc\audit\specific\Sql.scala">
  <error column="2" line="17" source="org.scalastyle.file.FileTabChecker" severity="warning" message="Line contains a tab"/>
  <error line="21" source="org.scalastyle.file.FileLineLengthChecker" severity="warning" message="File line length exceeds 160 characters"/>
  <error line="22" source="org.scalastyle.file.FileLineLengthChecker" severity="warning" message="File line length exceeds 160 characters"/>
  <error line="23" source="org.scalastyle.file.FileLineLengthChecker" severity="warning" message="File line length exceeds 160 characters"/>
  <error line="24" source="org.scalastyle.file.FileLineLengthChecker" severity="warning" message="File line length exceeds 160 characters"/>
  <error line="25" source="org.scalastyle.file.FileLineLengthChecker" severity="warning" message="File line length exceeds 160 characters"/>
  <error line="26" source="org.scalastyle.file.FileLineLengthChecker" severity="warning" message="File line length exceeds 160 characters"/>
  <error line="27" source="org.scalastyle.file.FileLineLengthChecker" severity="warning" message="File line length exceeds 160 characters"/>
  <error column="6" line="11" source="org.scalastyle.scalariform.PublicMethodsHaveTypeChecker" severity="warning" message="Public method must have explicit type"/>
  <error column="6" line="15" source="org.scalastyle.scalariform.PublicMethodsHaveTypeChecker" severity="warning" message="Public method must have explicit type"/>
  <error source="org.scalastyle.file.NewLineAtEofChecker" severity="warning" message="File must end with newline character"/>
 </file>
 <file name="C:\Users\X215837\OneDrive - GROUP DIGITAL WORKPLACE\Documents\Projects\DPC\audit\src\main\scala\com\socgen\bsc\dpc\audit\parselogs\GetRejections.scala">
  <error column="33" line="42" source="org.scalastyle.scalariform.SpacesAfterPlusChecker" severity="warning" message="There should be a space after the plus (+) sign"/>
  <error column="108" line="45" source="org.scalastyle.scalariform.SpacesAfterPlusChecker" severity="warning" message="There should be a space after the plus (+) sign"/>
  <error column="111" line="46" source="org.scalastyle.scalariform.SpacesAfterPlusChecker" severity="warning" message="There should be a space after the plus (+) sign"/>
  <error column="117" line="92" source="org.scalastyle.scalariform.SpacesAfterPlusChecker" severity="warning" message="There should be a space after the plus (+) sign"/>
  <error column="141" line="93" source="org.scalastyle.scalariform.SpacesAfterPlusChecker" severity="warning" message="There should be a space after the plus (+) sign"/>
  <error column="122" line="108" source="org.scalastyle.scalariform.SpacesAfterPlusChecker" severity="warning" message="There should be a space after the plus (+) sign"/>
  <error column="80" line="19" source="org.scalastyle.file.WhitespaceEndOfLineChecker" severity="warning" message="Whitespace at end of line"/>
  <error column="0" line="20" source="org.scalastyle.file.WhitespaceEndOfLineChecker" severity="warning" message="Whitespace at end of line"/>
  <error column="56" line="30" source="org.scalastyle.file.WhitespaceEndOfLineChecker" severity="warning" message="Whitespace at end of line"/>
  <error column="0" line="31" source="org.scalastyle.file.WhitespaceEndOfLineChecker" severity="warning" message="Whitespace at end of line"/>
  <error column="0" line="33" source="org.scalastyle.file.WhitespaceEndOfLineChecker" severity="warning" message="Whitespace at end of line"/>
  <error column="108" line="68" source="org.scalastyle.file.WhitespaceEndOfLineChecker" severity="warning" message="Whitespace at end of line"/>
  <error column="0" line="81" source="org.scalastyle.file.WhitespaceEndOfLineChecker" severity="warning" message="Whitespace at end of line"/>
  <error column="64" line="82" source="org.scalastyle.file.WhitespaceEndOfLineChecker" severity="warning" message="Whitespace at end of line"/>
  <error column="0" line="98" source="org.scalastyle.file.WhitespaceEndOfLineChecker" severity="warning" message="Whitespace at end of line"/>
  <error column="33" line="42" source="org.scalastyle.scalariform.SpacesBeforePlusChecker" severity="warning" message="There should be a space before the plus (+) sign"/>
  <error column="108" line="45" source="org.scalastyle.scalariform.SpacesBeforePlusChecker" severity="warning" message="There should be a space before the plus (+) sign"/>
  <error column="111" line="46" source="org.scalastyle.scalariform.SpacesBeforePlusChecker" severity="warning" message="There should be a space before the plus (+) sign"/>
  <error column="117" line="92" source="org.scalastyle.scalariform.SpacesBeforePlusChecker" severity="warning" message="There should be a space before the plus (+) sign"/>
  <error column="141" line="93" source="org.scalastyle.scalariform.SpacesBeforePlusChecker" severity="warning" message="There should be a space before the plus (+) sign"/>
  <error column="122" line="108" source="org.scalastyle.scalariform.SpacesBeforePlusChecker" severity="warning" message="There should be a space before the plus (+) sign"/>
  <error line="93" source="org.scalastyle.file.FileLineLengthChecker" severity="warning" message="File line length exceeds 160 characters"/>
  <error line="108" source="org.scalastyle.file.FileLineLengthChecker" severity="warning" message="File line length exceeds 160 characters"/>
  <error column="6" line="19" source="org.scalastyle.scalariform.PublicMethodsHaveTypeChecker" severity="warning" message="Public method must have explicit type"/>
  <error column="6" line="30" source="org.scalastyle.scalariform.PublicMethodsHaveTypeChecker" severity="warning" message="Public method must have explicit type"/>
  <error column="6" line="36" source="org.scalastyle.scalariform.PublicMethodsHaveTypeChecker" severity="warning" message="Public method must have explicit type"/>
  <error source="org.scalastyle.file.NewLineAtEofChecker" severity="warning" message="File must end with newline character"/>
  <error column="86" line="76" source="org.scalastyle.scalariform.TokenChecker" severity="warning" message="Avoid casting."/>
  <error column="51" line="53" source="org.scalastyle.scalariform.EnsureSingleSpaceAfterTokenChecker" severity="warning" message="No space after token :"/>
  <error column="51" line="58" source="org.scalastyle.scalariform.EnsureSingleSpaceAfterTokenChecker" severity="warning" message="No space after token :"/>
  <error column="20" line="39" source="org.scalastyle.scalariform.DisallowSpaceBeforeTokenChecker" severity="warning" message="Space before token :"/>
 </file>
 <file name="C:\Users\X215837\OneDrive - GROUP DIGITAL WORKPLACE\Documents\Projects\DPC\audit\src\main\scala\com\socgen\bsc\dpc\audit\json\SourceDistrictParser.scala">
  <error column="8" line="10" source="org.scalastyle.scalariform.PublicMethodsHaveTypeChecker" severity="warning" message="Public method must have explicit type"/>
  <error column="8" line="11" source="org.scalastyle.scalariform.PublicMethodsHaveTypeChecker" severity="warning" message="Public method must have explicit type"/>
  <error source="org.scalastyle.file.NewLineAtEofChecker" severity="warning" message="File must end with newline character"/>
 </file>
 <file name="C:\Users\X215837\OneDrive - GROUP DIGITAL WORKPLACE\Documents\Projects\DPC\audit\src\main\scala\com\socgen\bsc\dpc\audit\parselogs\getFiles.scala">
  <error column="36" line="22" source="org.scalastyle.scalariform.SpacesAfterPlusChecker" severity="warning" message="There should be a space after the plus (+) sign"/>
  <error column="44" line="19" source="org.scalastyle.file.WhitespaceEndOfLineChecker" severity="warning" message="Whitespace at end of line"/>
  <error column="0" line="25" source="org.scalastyle.file.WhitespaceEndOfLineChecker" severity="warning" message="Whitespace at end of line"/>
  <error column="29" line="45" source="org.scalastyle.file.WhitespaceEndOfLineChecker" severity="warning" message="Whitespace at end of line"/>
  <error column="36" line="22" source="org.scalastyle.scalariform.SpacesBeforePlusChecker" severity="warning" message="There should be a space before the plus (+) sign"/>
  <error column="102" line="33" source="org.scalastyle.scalariform.SpacesBeforePlusChecker" severity="warning" message="There should be a space before the plus (+) sign"/>
  <error column="6" line="19" source="org.scalastyle.scalariform.PublicMethodsHaveTypeChecker" severity="warning" message="Public method must have explicit type"/>
  <error source="org.scalastyle.file.NewLineAtEofChecker" severity="warning" message="File must end with newline character"/>
  <error column="52" line="30" source="org.scalastyle.scalariform.DisallowSpaceAfterTokenChecker" severity="warning" message="Space after token ("/>
  <error column="23" line="32" source="org.scalastyle.scalariform.DisallowSpaceAfterTokenChecker" severity="warning" message="Space after token ("/>
  <error column="17" line="33" source="org.scalastyle.scalariform.DisallowSpaceAfterTokenChecker" severity="warning" message="Space after token ("/>
 </file>
 <file name="C:\Users\X215837\OneDrive - GROUP DIGITAL WORKPLACE\Documents\Projects\DPC\audit\src\main\scala\com\socgen\bsc\dpc\audit\parselogs\GetAnalysis.scala">
  <error column="20" line="29" source="org.scalastyle.file.WhitespaceEndOfLineChecker" severity="warning" message="Whitespace at end of line"/>
  <error column="52" line="79" source="org.scalastyle.file.WhitespaceEndOfLineChecker" severity="warning" message="Whitespace at end of line"/>
  <error column="121" line="86" source="org.scalastyle.file.WhitespaceEndOfLineChecker" severity="warning" message="Whitespace at end of line"/>
  <error column="22" line="92" source="org.scalastyle.file.WhitespaceEndOfLineChecker" severity="warning" message="Whitespace at end of line"/>
  <error column="24" line="93" source="org.scalastyle.file.WhitespaceEndOfLineChecker" severity="warning" message="Whitespace at end of line"/>
  <error column="27" line="94" source="org.scalastyle.file.WhitespaceEndOfLineChecker" severity="warning" message="Whitespace at end of line"/>
  <error column="28" line="95" source="org.scalastyle.file.WhitespaceEndOfLineChecker" severity="warning" message="Whitespace at end of line"/>
  <error column="26" line="96" source="org.scalastyle.file.WhitespaceEndOfLineChecker" severity="warning" message="Whitespace at end of line"/>
  <error column="22" line="97" source="org.scalastyle.file.WhitespaceEndOfLineChecker" severity="warning" message="Whitespace at end of line"/>
  <error column="0" line="182" source="org.scalastyle.file.WhitespaceEndOfLineChecker" severity="warning" message="Whitespace at end of line"/>
  <error column="0" line="195" source="org.scalastyle.file.WhitespaceEndOfLineChecker" severity="warning" message="Whitespace at end of line"/>
  <error column="0" line="201" source="org.scalastyle.file.WhitespaceEndOfLineChecker" severity="warning" message="Whitespace at end of line"/>
  <error column="0" line="207" source="org.scalastyle.file.WhitespaceEndOfLineChecker" severity="warning" message="Whitespace at end of line"/>
  <error column="0" line="213" source="org.scalastyle.file.WhitespaceEndOfLineChecker" severity="warning" message="Whitespace at end of line"/>
  <error column="0" line="225" source="org.scalastyle.file.WhitespaceEndOfLineChecker" severity="warning" message="Whitespace at end of line"/>
  <error column="0" line="238" source="org.scalastyle.file.WhitespaceEndOfLineChecker" severity="warning" message="Whitespace at end of line"/>
  <error column="0" line="240" source="org.scalastyle.file.WhitespaceEndOfLineChecker" severity="warning" message="Whitespace at end of line"/>
  <error column="12" line="271" source="org.scalastyle.file.WhitespaceEndOfLineChecker" severity="warning" message="Whitespace at end of line"/>
  <error column="22" line="277" source="org.scalastyle.file.WhitespaceEndOfLineChecker" severity="warning" message="Whitespace at end of line"/>
  <error column="21" line="278" source="org.scalastyle.file.WhitespaceEndOfLineChecker" severity="warning" message="Whitespace at end of line"/>
  <error column="21" line="284" source="org.scalastyle.file.WhitespaceEndOfLineChecker" severity="warning" message="Whitespace at end of line"/>
  <error column="21" line="290" source="org.scalastyle.file.WhitespaceEndOfLineChecker" severity="warning" message="Whitespace at end of line"/>
  <error column="21" line="296" source="org.scalastyle.file.WhitespaceEndOfLineChecker" severity="warning" message="Whitespace at end of line"/>
  <error column="23" line="302" source="org.scalastyle.file.WhitespaceEndOfLineChecker" severity="warning" message="Whitespace at end of line"/>
  <error column="23" line="308" source="org.scalastyle.file.WhitespaceEndOfLineChecker" severity="warning" message="Whitespace at end of line"/>
  <error line="231" source="org.scalastyle.file.FileLineLengthChecker" severity="warning" message="File line length exceeds 160 characters"/>
  <error line="232" source="org.scalastyle.file.FileLineLengthChecker" severity="warning" message="File line length exceeds 160 characters"/>
  <error line="233" source="org.scalastyle.file.FileLineLengthChecker" severity="warning" message="File line length exceeds 160 characters"/>
  <error line="234" source="org.scalastyle.file.FileLineLengthChecker" severity="warning" message="File line length exceeds 160 characters"/>
  <error line="235" source="org.scalastyle.file.FileLineLengthChecker" severity="warning" message="File line length exceeds 160 characters"/>
  <error line="236" source="org.scalastyle.file.FileLineLengthChecker" severity="warning" message="File line length exceeds 160 characters"/>
  <error line="237" source="org.scalastyle.file.FileLineLengthChecker" severity="warning" message="File line length exceeds 160 characters"/>
  <error column="6" line="86" source="org.scalastyle.scalariform.ParameterNumberChecker" severity="warning" message="The number of parameters should not exceed 8"/>
  <error column="6" line="86" source="org.scalastyle.scalariform.MethodLengthChecker" severity="warning" message="Method is longer than 120 lines"/>
  <error column="6" line="22" source="org.scalastyle.scalariform.PublicMethodsHaveTypeChecker" severity="warning" message="Public method must have explicit type"/>
  <error column="6" line="38" source="org.scalastyle.scalariform.PublicMethodsHaveTypeChecker" severity="warning" message="Public method must have explicit type"/>
  <error column="6" line="50" source="org.scalastyle.scalariform.PublicMethodsHaveTypeChecker" severity="warning" message="Public method must have explicit type"/>
  <error column="6" line="64" source="org.scalastyle.scalariform.PublicMethodsHaveTypeChecker" severity="warning" message="Public method must have explicit type"/>
  <error column="6" line="72" source="org.scalastyle.scalariform.PublicMethodsHaveTypeChecker" severity="warning" message="Public method must have explicit type"/>
  <error column="6" line="86" source="org.scalastyle.scalariform.PublicMethodsHaveTypeChecker" severity="warning" message="Public method must have explicit type"/>
  <error source="org.scalastyle.file.NewLineAtEofChecker" severity="warning" message="File must end with newline character"/>
  <error column="11" line="188" source="org.scalastyle.scalariform.LowercasePatternMatchChecker" severity="warning" message="Lowercase pattern match (surround with ``, or add : Any)"/>
  <error column="6" line="27" source="org.scalastyle.scalariform.EnsureSingleSpaceAfterTokenChecker" severity="warning" message="No space after token if"/>
  <error column="8" line="28" source="org.scalastyle.scalariform.EnsureSingleSpaceAfterTokenChecker" severity="warning" message="No space after token if"/>
  <error column="8" line="32" source="org.scalastyle.scalariform.EnsureSingleSpaceAfterTokenChecker" severity="warning" message="No space after token if"/>
  <error column="4" line="39" source="org.scalastyle.scalariform.EnsureSingleSpaceAfterTokenChecker" severity="warning" message="No space after token if"/>
  <error column="9" line="40" source="org.scalastyle.scalariform.EnsureSingleSpaceAfterTokenChecker" severity="warning" message="No space after token if"/>
  <error column="9" line="41" source="org.scalastyle.scalariform.EnsureSingleSpaceAfterTokenChecker" severity="warning" message="No space after token if"/>
  <error column="9" line="42" source="org.scalastyle.scalariform.EnsureSingleSpaceAfterTokenChecker" severity="warning" message="No space after token if"/>
  <error column="6" line="44" source="org.scalastyle.scalariform.EnsureSingleSpaceAfterTokenChecker" severity="warning" message="No space after token if"/>
  <error column="11" line="45" source="org.scalastyle.scalariform.EnsureSingleSpaceAfterTokenChecker" severity="warning" message="No space after token if"/>
  <error column="6" line="56" source="org.scalastyle.scalariform.EnsureSingleSpaceAfterTokenChecker" severity="warning" message="No space after token if"/>
  <error column="8" line="58" source="org.scalastyle.scalariform.EnsureSingleSpaceAfterTokenChecker" severity="warning" message="No space after token if"/>
  <error column="46" line="193" source="org.scalastyle.scalariform.EnsureSingleSpaceAfterTokenChecker" severity="warning" message="No space after token :"/>
  <error column="46" line="199" source="org.scalastyle.scalariform.EnsureSingleSpaceAfterTokenChecker" severity="warning" message="No space after token :"/>
  <error column="46" line="205" source="org.scalastyle.scalariform.EnsureSingleSpaceAfterTokenChecker" severity="warning" message="No space after token :"/>
  <error column="46" line="211" source="org.scalastyle.scalariform.EnsureSingleSpaceAfterTokenChecker" severity="warning" message="No space after token :"/>
  <error column="46" line="217" source="org.scalastyle.scalariform.EnsureSingleSpaceAfterTokenChecker" severity="warning" message="No space after token :"/>
  <error column="46" line="223" source="org.scalastyle.scalariform.EnsureSingleSpaceAfterTokenChecker" severity="warning" message="No space after token :"/>
  <error column="93" line="226" source="org.scalastyle.scalariform.EnsureSingleSpaceAfterTokenChecker" severity="warning" message="No space after token :"/>
  <error column="8" line="329" source="org.scalastyle.scalariform.EnsureSingleSpaceAfterTokenChecker" severity="warning" message="No space after token if"/>
  <error column="13" line="330" source="org.scalastyle.scalariform.EnsureSingleSpaceAfterTokenChecker" severity="warning" message="No space after token if"/>
  <error column="13" line="331" source="org.scalastyle.scalariform.EnsureSingleSpaceAfterTokenChecker" severity="warning" message="No space after token if"/>
  <error column="13" line="332" source="org.scalastyle.scalariform.EnsureSingleSpaceAfterTokenChecker" severity="warning" message="No space after token if"/>
  <error column="13" line="333" source="org.scalastyle.scalariform.EnsureSingleSpaceAfterTokenChecker" severity="warning" message="No space after token if"/>
 </file>
 <file name="C:\Users\X215837\OneDrive - GROUP DIGITAL WORKPLACE\Documents\Projects\DPC\audit\src\main\scala\com\socgen\bsc\dpc\audit\json\CleanLogsParser.scala">
  <error column="8" line="10" source="org.scalastyle.scalariform.PublicMethodsHaveTypeChecker" severity="warning" message="Public method must have explicit type"/>
  <error column="8" line="11" source="org.scalastyle.scalariform.PublicMethodsHaveTypeChecker" severity="warning" message="Public method must have explicit type"/>
  <error source="org.scalastyle.file.NewLineAtEofChecker" severity="warning" message="File must end with newline character"/>
 </file>
</checkstyle>
